,count,mean,std,min,25%,50%,75%,max
price,21613.0,540088.1417665294,367127.19648269983,75000.0,321950.0,450000.0,645000.0,7700000.0
bedrooms,21613.0,3.37084162309721,0.9300618311474517,0.0,3.0,3.0,4.0,33.0
bathrooms,21613.0,2.1147573219821405,0.770163157217742,0.0,1.75,2.25,2.5,8.0
sqft_living,21613.0,2079.8997362698374,918.4408970468115,290.0,1427.0,1910.0,2550.0,13540.0
sqft_lot,21613.0,15106.967565816869,41420.51151513548,520.0,5040.0,7618.0,10688.0,1651359.0
floors,21613.0,1.4943089807060566,0.5399888951423463,1.0,1.0,1.5,2.0,3.5
waterfront,21613.0,0.007541757275713691,0.08651719772788764,0.0,0.0,0.0,0.0,1.0
view,21613.0,0.23430342849211122,0.7663175692736122,0.0,0.0,0.0,0.0,4.0
condition,21613.0,3.4094295100171195,0.6507430463662071,1.0,3.0,3.0,4.0,5.0
grade,21613.0,7.656873178179799,1.175458756974335,1.0,7.0,7.0,8.0,13.0
sqft_above,21613.0,1788.3906907879516,828.0909776519169,290.0,1190.0,1560.0,2210.0,9410.0
sqft_basement,21613.0,291.5090454818859,442.5750426774682,0.0,0.0,0.0,560.0,4820.0
yr_built,21613.0,1971.0051357978994,29.37341080238659,1900.0,1951.0,1975.0,1997.0,2015.0
yr_renovated,21613.0,84.40225790033776,401.6792400191759,0.0,0.0,0.0,0.0,2015.0
zipcode,21613.0,98077.93980474715,53.505026257473084,98001.0,98033.0,98065.0,98118.0,98199.0
lat,21613.0,47.56005251931708,0.13856371024192418,47.1559,47.471,47.5718,47.678,47.7776
long,21613.0,-122.21389640494147,0.14082834238139408,-122.519,-122.328,-122.23,-122.125,-121.315
sqft_living15,21613.0,1986.552491556008,685.3913042527776,399.0,1490.0,1840.0,2360.0,6210.0
sqft_lot15,21613.0,12768.455651691113,27304.17963133851,651.0,5100.0,7620.0,10083.0,871200.0
