step,added,AIC,BIC,AdjR2
1,grade,14739.1642,14754.662,0.493
2,lat,9215.4606,9238.7072,0.6327
3,log_sqft_living,5924.0946,5955.0901,0.6969
4,house_age,3688.2043,3726.9487,0.734
5,view,2674.7575,2721.2508,0.7493
6,bathrooms,2360.6497,2414.8919,0.7539
7,log_sqft_living15,2030.2048,2092.1958,0.7586
8,waterfront,1762.592,1832.3319,0.7623
9,condition,1525.7044,1603.1932,0.7656
10,floors,1319.5689,1404.8066,0.7684
11,bedrooms,1253.7541,1346.7406,0.7693
12,log_sqft_lot15,1189.6317,1290.3671,0.7702
13,is_renovated,1145.6274,1254.1117,0.7708
14,log_sqft_lot,1136.1194,1252.3526,0.7709
15,has_basement,1126.4058,1250.3879,0.7711
16,log_sqft_above,1046.4607,1178.1916,0.7722
17,long,1048.4009,1187.8807,0.7722
